gene	transcript	protein_change	score	pvalue	qvalue	info
CLTB	ENST00000310418	.	.	0.00143162016715	0.00143162016715	PROT_RANGE=8-8;CLUSTER_MUT_COUNT=2
C12orf65	ENST00000253233	.	.	0.00143162016715	0.00143162016715	PROT_RANGE=103-103;CLUSTER_MUT_COUNT=2
CTNNB1	ENST00000349496	.	.	3.44244830796e-06	1.72122415398e-05	PROT_RANGE=30-34,41-45;CLUSTER_MUT_COUNT=4,7
