gene	transcript	protein_change	score	pvalue	qvalue	info
KLHL6	ENST00000341319	.	.	0.021762520214	0.06528756064209999	PROT_RANGE=90-91;CLUSTER_MUT_COUNT=3
B2M	ENST00000558401	.	.	0.337992305936	0.446149843836	PROT_RANGE=12-12;CLUSTER_MUT_COUNT=2
BTG2	ENST00000290551	.	.	0.0483698782225	0.106413732089	PROT_RANGE=26-38,45-48;CLUSTER_MUT_COUNT=6,4
TMEM30A	ENST00000230461	.	.	0.00143162016715	0.00944869310318	PROT_RANGE=226-226;CLUSTER_MUT_COUNT=2
MYD88	ENST00000417037	.	.	0.0122419228076	0.044887050294500005	PROT_RANGE=273-273;CLUSTER_MUT_COUNT=4
CD79B	ENST00000392795	.	.	1.4601095077599999e-08	4.8183613756e-07	PROT_RANGE=197-197;CLUSTER_MUT_COUNT=5
OSBPL10	ENST00000396556	.	.	0.753435455834	0.753435455834	PROT_RANGE=14-24;CLUSTER_MUT_COUNT=6
PIM1	ENST00000373509	.	.	0.0943513949105	0.194599752003	PROT_RANGE=2-2,22-42,75-87,128-129,143-146,181-184;CLUSTER_MUT_COUNT=2,8,8,4,3,4
CD70	ENST00000245903	.	.	0.00143162016715	0.00944869310318	PROT_RANGE=47-47;CLUSTER_MUT_COUNT=2
