gene	transcript	protein_change	score	pvalue	qvalue	info
KRAS	ENST00000256078	.	.	0.00457289538073	0.00609719384098	PROT_RANGE=12-13;CLUSTER_MUT_COUNT=4
DNMT3A	ENST00000264709	.	.	0.337992305936	0.337992305936	PROT_RANGE=882-882;CLUSTER_MUT_COUNT=3
IDH2	ENST00000330062	.	.	1.4601095077599999e-08	3.89362535402e-08	PROT_RANGE=140-140,172-172;CLUSTER_MUT_COUNT=6,2
U2AF1	ENST00000291552	.	.	3.06574651774e-05	6.13149303549e-05	PROT_RANGE=34-34;CLUSTER_MUT_COUNT=4
IDH1	ENST00000415913	.	.	1.4601095077599999e-08	3.89362535402e-08	PROT_RANGE=132-132;CLUSTER_MUT_COUNT=5
FLT3	ENST00000241453	.	.	0.0445654627585	0.0509319574383	PROT_RANGE=835-835;CLUSTER_MUT_COUNT=4
RUNX1	ENST00000300305	.	.	0.000198085762064	0.000316937219303	PROT_RANGE=162-162,196-201;CLUSTER_MUT_COUNT=3,3
