gene	transcript	protein_change	score	pvalue	qvalue	info
ZNF469	ENST00000437464	.	.	0.0445654627585	0.0891309255171	PROT_RANGE=704-704;CLUSTER_MUT_COUNT=2
TP53	ENST00000269305	.	.	0.7380871289450001	0.7380871289450001	PROT_RANGE=273-276;CLUSTER_MUT_COUNT=3
