gene	transcript	protein_change	score	pvalue	qvalue	info
EPAS1	ENST00000263734	.	.	4.94264277727e-06	7.4139641659100005e-06	PROT_RANGE=530-532;CLUSTER_MUT_COUNT=8
HRAS	ENST00000451590	.	.	1.4601095077599999e-08	4.38032852327e-08	PROT_RANGE=13-13,61-61;CLUSTER_MUT_COUNT=2,16
RET	ENST00000355710	.	.	0.0122419228076	0.0122419228076	PROT_RANGE=918-918;CLUSTER_MUT_COUNT=4
