gene	transcript	protein_change	score	pvalue	qvalue	info
KRAS	ENST00000256078	.	.	2.2740474438700002e-06	2.2741143481599998e-06	PROT_RANGE=12-12,61-63;CLUSTER_MUT_COUNT=7,4
PTMA	ENST00000341369	.	.	2.2741143481599998e-06	2.2741143481599998e-06	PROT_RANGE=112-112;CLUSTER_MUT_COUNT=7
KIT	ENST00000288135	.	.	3.84521954352e-07	7.69043908703e-07	PROT_RANGE=557-557,816-816,822-825,829-829;CLUSTER_MUT_COUNT=2,11,5,2
NRAS	ENST00000369535	.	.	1.4601095077599999e-08	5.8404380310300005e-08	PROT_RANGE=12-12,61-61;CLUSTER_MUT_COUNT=2,3
