gene	transcript	protein_change	score	pvalue	qvalue	info
BRAF	ENST00000288602	.	.	1.59602914862e-08	3.1920582972500005e-08	PROT_RANGE=600-601;CLUSTER_MUT_COUNT=289
NRAS	ENST00000369535	.	.	1.4601095077599999e-08	3.1920582972500005e-08	PROT_RANGE=61-61;CLUSTER_MUT_COUNT=39
AKT1	ENST00000554581	.	.	0.0067701933205	0.00812423198461	PROT_RANGE=17-17;CLUSTER_MUT_COUNT=3
HRAS	ENST00000451590	.	.	1.4601095077599999e-08	3.1920582972500005e-08	PROT_RANGE=61-61;CLUSTER_MUT_COUNT=17
EIF1AX	ENST00000379607	.	.	1.85045868944e-05	2.77568803416e-05	PROT_RANGE=8-9,124-124;CLUSTER_MUT_COUNT=4,2
