gene	transcript	protein_change	score	pvalue	qvalue	info
NRAS	ENST00000369535	.	.	0.00143162016715	0.00143162016715	PROT_RANGE=61-61;CLUSTER_MUT_COUNT=2
HRAS	ENST00000451590	.	.	5.04093792002e-05	0.0001008187584	PROT_RANGE=12-13,117-120;CLUSTER_MUT_COUNT=4,4
