gene	transcript	protein_change	score	pvalue	qvalue	info
CHD4	ENST00000357008	.	.	0.5882621807289999	0.5882621807289999	PROT_RANGE=1112-1112;CLUSTER_MUT_COUNT=2
KRAS	ENST00000256078	.	.	1.4601095077599999e-08	1.02207665543e-07	PROT_RANGE=12-12;CLUSTER_MUT_COUNT=7
PPP2R1A	ENST00000322088	.	.	0.00270334010824	0.00473084518942	PROT_RANGE=179-183,217-219,256-256;CLUSTER_MUT_COUNT=8,3,2
PIK3CA	ENST00000263967	.	.	0.00010664185393799998	0.000373246488784	PROT_RANGE=106-108,345-345,545-546,1047-1047;CLUSTER_MUT_COUNT=3,2,6,5
FBXW7	ENST00000281708	.	.	0.0007877244620739999	0.00183802374484	PROT_RANGE=465-465,479-479,500-505,689-689;CLUSTER_MUT_COUNT=7,3,4,2
TP53	ENST00000269305	.	.	0.00732019974932	0.0102482796491	PROT_RANGE=151-151,175-183,193-195,238-244,245-249,273-273;CLUSTER_MUT_COUNT=2,7,4,9,9,4
PTEN	ENST00000371953	.	.	0.58825899103	0.5882621807289999	PROT_RANGE=126-130;CLUSTER_MUT_COUNT=3
