gene	transcript	protein_change	score	pvalue	qvalue	info
SF3B1	ENST00000335508	.	.	3.7223174027800003e-07	4.96308987037e-07	PROT_RANGE=625-625,662-666;CLUSTER_MUT_COUNT=14,4
GNA11	ENST00000078429	.	.	1.53740124372e-07	3.07480248744e-07	PROT_RANGE=209-209;CLUSTER_MUT_COUNT=34
GNAQ	ENST00000286548	.	.	1.4601095077599999e-08	5.8404380310300005e-08	PROT_RANGE=48-48,183-183,209-209;CLUSTER_MUT_COUNT=2,2,37
EIF1AX	ENST00000379607	.	.	0.0031499559931	0.0031499559931	PROT_RANGE=6-9,15-15;CLUSTER_MUT_COUNT=6,2
